question,prediction,expected_output,score,logprob
Compute 3 + 4. Give the final integer in \boxed{}.,"### Problem Statement
The objective is to compute the sum of the two integers $3$ and $4$. The result should be expressed as a single integer.

### Approach and Concepts
This problem involves basic arithmetic addition. The operation is defined as finding the total value when two numbers are combined.
The formula for addition of two integers $a$ and $b$ is:
$$ a + b = S $$
where:
- $a$ is the first integer.
- $b$ is the second integer.
- $S$ is the sum.

In this specific case:
- $a = 3$
- $b = 4$

### Step-by-Step Calculation
1.  **Identify the operands**: We are adding $3$ and $4$.
2.  **Perform the addition**:
    $$ 3 + 4 $$
    Starting from $3$, we count forward $4$ units:
    - $3 + 1 = 4$
    - $4 + 1 = 5$
    - $5 + 1 = 6$
    - $6 + 1 = 7$
    
    Alternatively, using the standard addition algorithm:
    $$ \begin{array}{r@{\quad}l}
      3 & \\
    +\, 4 & \\
    \hline
      7 & 
    \end{array} $$
    
    Thus, the mathematical result is:
    $$ 3 + 4 = 7 $$

### Interpretation of Code Output
The provided code execution output is `7`.
- The code likely executed the expression `3 + 4`.
- The output `7` confirms the mathematical calculation performed above.
- This validates that the sum of $3$ and $4$ is indeed $7$.

### Final Answer
The sum of $3$ and $4$ is $7$.

\boxed{7}",\boxed{7},1,"tensor(-11.7937, device='cuda:0', grad_fn=<AddBackward0>)"
Compute 3 times 4. Give the final integer in \boxed{}.,"### Problem Statement
The objective is to compute the product of the integer $3$ and the integer $4$. Mathematically, this is expressed as:
$$ 3 \times 4 $$

### Approach and Concepts
The operation required is **multiplication**. Multiplication is one of the four fundamental operations of arithmetic. It can be understood as repeated addition. Specifically, multiplying a number $a$ by a number $b$ (denoted as $a \times b$) is equivalent to adding $a$ to itself $b$ times.

The formula for multiplication of two integers $a$ and $b$ is:
$$ a \times b = \underbrace{a + a + \dots + a}_{b \text{ times}} $$

In this specific problem:
- $a = 3$
- $b = 4$

### Step-by-Step Calculation

**Method 1: Repeated Addition**
We add the number $3$ to itself $4$ times:
$$ 3 \times 4 = 3 + 3 + 3 + 3 $$

Calculating the sum:
1. $3 + 3 = 6$
2. $6 + 3 = 9$
3. $9 + 3 = 12$

Thus:
$$ 3 + 3 + 3 + 3 = 12 $$

**Method 2: Direct Multiplication Table**
Using standard multiplication facts:
- The multiples of $3$ are $3, 6, 9, 12, 15, \dots$
- The 4th multiple of $3$ is $12$.

Therefore:
$$ 3 \times 4 = 12 $$

### Interpretation of Code Output
The provided code output is `12`.
- The code executed the arithmetic operation $3 \times 4$.
- The result returned by the computer is $12$.
- This confirms our manual calculation that the product of $3$ and $4$ is indeed $12$.

### Final Answer
The product of $3$ and $4$ is $12$.

\boxed{12}",\boxed{12},1,"tensor(-9.4600, device='cuda:0', grad_fn=<AddBackward0>)"
