question,context,prediction,expected_output,score,cost
"Where was the film set in which the daughter of Shashi Kapoor, along side Sarat Pujari and Navni Parihar, set?","Aranyaka (A Trip Into the Jungle) is a 1994 Indian Hindi drama film directed by Apurba Kishore Bir.  The film stars Sarat Pujari, Navni Parihar, Sanjana Kapoor and Mohan Gokhale in lead roles.  Based on a short story ""Aranyaka"" by Manoj Das, the film is set in rural Orissa, where a formal local ruler organizes a hunt for his invited guests, which goes wrong.  The film highlights the clash between ruling class and indigenous people of the region.
Dastaan was a TV show that aired on Zee TV in mid 1990s.  The show was based in Dubai, stylishly shot, and starred Parmeet Sethi, Navni Parihar, Nishigandha Wad and Ashish Vidyarthi.
Sarat Pujari (8 August 1934 – 12 May 2014) was an Indian film actor, director and producer in Odia film industry (Ollywood).  He was originally from Jhaduapada, Sambalpur.
Vakil Babu is a Hindi movie, which was released in April 1982.  The movie was produced by Jawahar Kapoor and P. K. Luthra and directed by Asit Sen.  The film stars Raj Kapoor alongside his younger brother Shashi Kapoor and also featuring Zeenat Aman, Rakesh Roshan, Kader Khan, Aruna Irani and Kishore Sahu.  This was Raj Kapoor's last leading film role and was also the first and only time he appeared onscreen with his brother Shashi, not counting Awara, wherein Shashi Kapoor appeared as a child actor.
Jab Jab Phool Khile (Hindi: जब जब फूल खिले ; Urdu: ‎ ; Translated: 'Whenever the flowers bloomed') is a 1965 Indian Hindi movie.  It stars Shashi Kapoor and Nanda.  The story is of a poor boy who is a boatman in Kashmir and falls in love with a rich tourist.  The film became a ""blockbuster"" at the box office, was No. 2 in top ten grossing films at the Indian Box Office in 1965.  The songs by music composing duo Kalyanji Anandji assisted by then little-known Laxmikant Pyarelal are highlights of the film (lyrics by Anand Bakshi).  The film was screened in Algeria's cinema halls every two days for a couple of years; there was, in fact, public demand for it.  Shashi Kapoor was one of the most successful Indian actors in North African countries like Algeria, Morocco and Libya.  In the souks of Marrakesh, even today some of the older shopkeepers will give you a discount if you are from the land of Shashi Kapoor.
Dharitri is an Odia social satire drama released on 30 March 1973.  It is based on Amulya Kumari Patnaik's novel in the same name.  Sarat Pujari, Prashant Nanda, Sriram Panda, Parbati Ghosh and Dhira Biswal acted in key roles.
Prithvi Theatre is one of Mumbai's best known theatres.  It was built by Shashi Kapoor and his wife Jennifer Kapoor in memory of Prithviraj Kapoor, Shashi's father, who had dreamt of having a ""home"" for his repertory theatre company, Prithvi Theatres, belongs to the Kapoor family, one of the most influential actor and director families in Bollywood.  Prithviraj Kapoor founded 'Prithvi Theatres', a travelling theatre company in 1944.  The company ran for sixteen years.  Ved Segan was the architect who designed and built the Theatre with the supervision of Jennifer Kapoor.  Jennifer, (Trustee) supervised the building and running of the theatre until her death in 1984.  In 1978 Prithvi Theatre opened in Juhu, Mumbai.  Shashi Kapoor is the Managing Trustee, the daily affairs are looked after by Kunal Kapoor (Trustee) with a small but efficient team.  Prithvi Theatre has shows every day of the year (closed Mondays), hosts an annual Summertime programme of workshops and plays for children, the Memorial Concert on 28 February, an annual Theatre Festival in November, and many partnership programmes promoting language, poetry, international cinema & documentaries, performing arts – which are free to the public.
Navni Parihar (born 22 March 1966) is an Indian film and television actress.  Navni Parihar acted in the film ""Rabba Main Kya Karoon"" in 2013 starring Arshad Warsi.  Navni is married to Animesh.  Navni is also playing an important role in ""Bani - Ishq Da Kalma"", which was earlier titled as ""Gurbani"".  Navni, who has worked two decades in Bollywood, also played the role of Indira Gandhi in Shekhar Kapoor documentary series ""Pradhanmantri"", and 7 RCR (TV Series).
Sanjna Kapoor (born 27 November 1967) is an Indian theatre personality and former Indian film actress of British and Indian descent.  She is the daughter of Shashi Kapoor and the late Jennifer Kendal.  She ran the Prithvi Theatre in Mumbai from 1993.  to February 2012.
Shree Shree Mahalaxmi Puja (Odia: ଶ୍ରୀ ଶ୍ରୀ ମହାଲକ୍ଷ୍ମୀ ପୂଜା ) is a 1959 Indian Odia mythological film directed by Biswanath Nayak.  This is debut film of Sarat Pujari.  The tale of Goddess Laxmi leaving the temple to teach brothers Lord Jagannath and Lord Balabhadra, a lesson was presented in the movie.",No specific question was asked about rural Orissa; please provide a clear query.,Orissa,0.15384615384615385,0.0
"Which band formed first, Awolnation or Foo Fighters?","The Colour and the Shape is the second studio album by the American rock band Foo Fighters.  Produced by Gil Norton, it was released through Capitol Records and the group's own Roswell Records on May 20, 1997.  The record is the debut of the Foo Fighters as a group, as the band's previous record, ""Foo Fighters"" (1995), was primarily recorded by frontman Dave Grohl and friend Barrett Jones as a demo.  After the project ballooned and became an international success, the group convened for pre-production in the fall of 1996 and brought in producer Norton to establish a pop sensibility for the tracks.  The band strived to create a full-fledged rock record, although the music press predicted another grunge offshoot.
The discography of Foo Fighters, an American rock band formed in 1994 by Dave Grohl, consists of nine studio albums, four extended plays (EPs), six video albums, and 36 singles.  The current Foo Fighters line-up consists of Grohl (vocals and guitar), Taylor Hawkins (drums), Rami Jaffee (keyboard), Nate Mendel (bass), Chris Shiflett (guitar), and Pat Smear (guitar).
The Nation Blue is a rock band formed in Tasmania and based in Melbourne, Victoria, noted for their intense live performances and bleak subject matter.  They have toured nationally in Australia and internationally in Brazil, America and Japan and have supported Helmet and Foo Fighters.  In the third song of their first set in support of the Foo Fighters, bass player, Matt Weston, dislocated his knee, but saw out the remainder of the set while lying painfully on the stage floor.
Foo Fighters: Back and Forth is a 2011 rockumentary about the American rock band Foo Fighters, directed by filmmaker James Moll.  The film documents the band's history, and gets its title from a track on the Foo Fighters' seventh studio album ""Wasting Light"".
Foo Fighters is an American rock band, formed in Seattle, Washington in 1994.  It was founded by Nirvana drummer Dave Grohl as a one-man project following the dissolution of Nirvana after the death of Kurt Cobain.  The group got its name from the UFOs and various aerial phenomena that were reported by Allied aircraft pilots in World War II, which were known collectively as ""foo fighters"".
Sunny Day Real Estate was an American emo band from Seattle, Washington.  They were one of the early emo bands and helped establish the genre.  In 1994, the band released their debut album ""Diary"" on Sub Pop Records to critical acclaim.  However, shortly after releasing their second album ""LP2"", the band broke up, with members Nate Mendel and William Goldsmith joining Foo Fighters and Jeremy Enigk embarking on a solo career.  In 1997, they regrouped long enough to record two more studio albums and a live album but ultimately disbanded once again in 2001.  The band reunited again in 2009.  Bassist Nate Mendel, who chose to remain with Foo Fighters during the previous reunion in 1997, took part in this reunion.  In a 2013 interview with MusicRadar, Mendel said Sunny Day Real Estate was inactive.  According to Mendel, the band attempted to record a full-length album after the end of their reunion tour, but the sessions ""just fell apart"".  In 2014 the band released one song from those sessions, ""Lipton Witch,"" on a split 7"" vinyl with Circa Survive on Record Store Day.
The Fire Theft was an American rock band from Seattle, Washington.  They were formed in 2001 by vocalist/guitarist Jeremy Enigk, bassist Nate Mendel, and drummer William Goldsmith, all of whom were previously members of Sunny Day Real Estate.  Mendel also plays bass for Foo Fighters, and Goldsmith drummed for Foo Fighters between 1995 and 1997.  This lineup was identical to the original line up of Sunny Day Real Estate but with the exception of guitarist Dan Hoerner.  While the band went on a hiatus in 2004, there was never an announcement of an official breakup.
Awolnation is an American alternative rock band, formed and fronted by Aaron Bruno, formerly of Under the Influence of Giants, Home Town Hero, and Insurgence.  The band is signed to Red Bull Records, and their first EP, ""Back from Earth"", was released on iTunes on May 18, 2010.  They released their first studio album, ""Megalithic Symphony"", on March 15, 2011; it featured their most notable hit, ""Sail"", which peaked at #17 on the ""Billboard"" Hot 100, #4 on the ""Billboard"" Rock Songs chart, and #5 on the ""Billboard"" Alternative Songs chart.  The song has been certified 6× platinum by the RIAA and has sold 5,500,000 copies in the United States.  As of February 29, 2016, the album has been certified platinum.
Foo Fighters is an American alternative rock band formed by multi-instrumentalist and vocalist Dave Grohl in 1994.  After recording the album ""Foo Fighters"" alone, Grohl enlisted guitarist Pat Smear, bassist Nate Mendel and drummer William Goldsmith to join the band.  This lineup recorded the second Foo Fighters album, 1997's ""The Colour and the Shape"", although most of Goldsmith's drum recordings were removed and re-recorded by Grohl for the release, after he left the band due to creative tensions.  Goldsmith was replaced by Taylor Hawkins, and Franz Stahl replaced Smear after he also departed, although he only remained in the band for a short period and did not record an album with the group.  The group's third album, ""There Is Nothing Left to Lose"", featured Hawkins on drums and was released in 1999.
Songs from the Laundry Room is an EP by American rock band Foo Fighters, released exclusively for Record Store Day 2015.  This EP and the Foo Fighters album are the two Foo Fighters releases upon which Dave Grohl plays all the instruments.",No question was asked in the input.,Foo Fighters,0.0,0.0
Who played the crime boss considered the father of modern organized crime in the 1997 drama Hoodlum?,"St. John Cemetery is an official Roman Catholic burial ground located in Middle Village in the Queens borough of New York City.  It is one of nine official Roman Catholic burial grounds in the New York Metropolitan Area.  St. John, along with St. Charles/Resurrection Cemeteries in Farmingdale, Long Island, is among the largest cemeteries in New York State.  Since its opening, St. John has been the resting place of various famous and infamous people in New York City society, such as Mario Cuomo (1932–2015), Governor of the state of New York from 1983–1995, John F. Hylan (1868–1936), mayor of the city of New York from 1918–1925, Geraldine Ferraro (1935–2011), the first female Vice Presidential candidate representing a major American political party, Lucky Luciano (1897–1962), considered the father of modern organized crime in the United States, and John J. Gotti (1940–2002), the head of the New York City based Gambino crime family from 1985–2002.
Johnny Jack Nounes, also known as the ""Beau Brummell of Galveston"", was an organized crime boss in Galveston, Texas, United States, during the early 1900s.  He, with one-armed George Musey, led the Downtown Gang, one of the two gangs which controlled most of the Galveston Crime Syndicate until the early 1930s.  They fought for control of the island against the rival Beach Gang led by Ollie Quinn and Dutch Voight.  As the prohibition era began, his gang came to be one of the dominant forces in the Galveston Crime Syndicate.  Galveston became the main port of entry for liquor supply in Texas and many parts of the Midwest.
Francis Colacurcio, Sr. (June 18, 1917 – July 2, 2010) was an American businessman and boss of the Seattle crime family known for running strip clubs in Seattle, Washington.  He gained notoriety as a subject of ongoing federal investigations into organized crime in the city and was suspected of being an organized crime boss.
Still at Large is the third and final album released by Crime Boss.  Following the release of his successful second album, ""Conflicts & Confusion"", Crime Boss left Suave House Records and formed his own independent label called Crime Lab Records and released ""Still at Large"" through it.  Though his previous two albums were produced by Suave House's T-Mix, Crime Boss himself handled a majority of the album's production. '
James J. Marcello (born December 13, 1943), also known variously as Little Jimmy, Jimmy Light and as Jimmy the Man Marcello, is an imprisoned crime boss who was a front boss for the Chicago Outfit criminal organization in the 1980s, 1990s and early 2000s.  Organized crime observers identified Marcello as a figurehead during that period while the organization's day-to-day operations actually were run by John “No Nose” DiFronzo, Joseph “Joey the Clown” Lombardo, Joseph “Joe the Builder” Andriacchi and Angelo J. LaPietra.  Marcello is the Cousin of Michael Hayes Marcello, and a cousin of Robert Urbinatti.  He is also the father of Rocco Marcello.
Joseph ""Big Joe"" Todaro Jr. (born 1945 or 1946) is a Buffalo, New York businessman and former organized crime figure involved in labor racketeering, loansharking, illegal gambling, narcotics, and murder for hire.  Joe Todaro Jr. became a business agent for the Laborers' International Union of North America (LIUNA) Local 210.  In 1984, Joe Todaro Jr. allegedly became the underboss of the Buffalo crime family after his father became the new head of the crime family, upon the retirement of his predecessor Samuel ""Sam the Farmer"" Frangiamore.  In 1990, Joe Todaro Jr. resigned as business agent following investigations on the local's alleged ties to organized crime.  Outside of organized crime, Todaro operates La Nova Pizzeria, a popular pizza restaurant in Buffalo.
Ang Utol Kong Hoodlum (lit.  ""My Brother is a Hoodlum"") is a Filipino drama series developed for TV5 created by Deo J. Fajardo.  It stars JC de Vera and Jasmine Curtis-Smith.  It is a remake of the original movie where Robin Padilla played the role of Ben, a hoodlum, and Vina Morales, as Bing.  The movie was first released in 1991, then a sequel entitled ""Miss na Miss Kita: Ang Utol Kong Hoodlum 2"" was made the following year.  It is produced by Vic Del Rosario Jr., and Manuel V. Pangilinan and it also marks as the first primetime series produced by Viva Television for TV5 after a decade.
Hoodlum is a 1997 American crime drama film that gives a fictionalized account of the gang war between the Italian/Jewish mafia alliance and the Black gangsters of Harlem that took place in the late 1920s and early 1930s.  The film concentrated on Ellsworth ""Bumpy"" Johnson (Laurence Fishburne), Dutch Schultz (Tim Roth), and Lucky Luciano (Andy García).
Charles ""Lucky"" Luciano ( ; born Salvatore Lucania November 24, 1897 – January 26, 1962) was an Italian-American mobster and crime boss.  Luciano is considered the father of modern organized crime in the United States for the establishment of the first Commission.  He was also the first official boss of the modern Genovese crime family.  He was, along with his associates, instrumental in the development of the National Crime Syndicate.
Hoodlum is the soundtrack to the 1997 American crime drama film ""Hoodlum"".  It was released on August 12, 1997 by Interscope Records and consisted of a blend of hip hop and R&B music.  The soundtrack peaked at 94 on the ""Billboard"" 200 and 23 on the Top R&B Albums and contained Mobb Deep's single ""Hoodlum"" which went to 29 on the Hot Rap Singles.",No question was asked in the input.,Andy García,0.0,0.0
Are Harry Kizirian and Howard Kazanjian known for the same industry?,"Harry's Harbour is a village located southwest of Baie Verte, Newfoundland and Labrador, Canada.  The Way office was established in 1889.  The first Waymaster was Robert Howard.  It had a population of 199 in 1940 and 192 in 1956.  Harry's Harbour boasts a beautiful bay and an underground fishing industry.  Freake is a popular last name for the area.  Harry’s Harbour was not in the General Census of Newfoundland for the years 1836, 1845 or 1857.  It appeared for the first time in 1874, in the District of Twillingate – #65.  It is assumed that the previous communities of Salmon Cove and Jerry’s Cove became the community of Harry’s Harbour.
Pattie Howard (born Francine Patience Howard, April 12, Cleveland, Ohio, United States) is an American Gospel and R&B Singer-Songwriter, Producer, Composer and Vocal Arranger.  She is a music industry veteran who has released two albums with major record labels, RCA Records and Light Records.  Howard, who owns her own full service entertainment company, PH Balanced Music, is also known for singing background for many major artists including Whitney Houston, Gladys Knight, Brandy, Mary J Blige, Fantasia, Queen LaTifah, Madonna, Andrae Crouch, Michael Jackson, Curtis Siger, Lisa Stanfield, BeBe and CeCe Winans, Reba Rambo,and Diana Ross.  She has dozens of gold and platinum albums to her credits encompassing artists from almost every genre.  Howard landed one of her most profound gigs traveling the world with Whitney Houstonfrom 1992-2001, at the height of her career, The Bodyguard Era.  During the early 2000s, Howard returned to songwriting, music production, mixing, and mastering and is currently singing (solo & background), composing, arranging and producing various artists/bands.  In 2016 Pattie released 2 singles through her record label PH Balanced Music.  ""Jesus Is His Name"" introduces Pattie's daughter Shekinah Nicole Howard in a contemporary gospel duet produced by Wow Jones and co produced by Pattie Howard.  The second single titled ""Feel Me, Heal Me"" was also Produced by Wow Jones, written and arranged by Pattie Howard.
Raiders of the Lost Ark (also known as Indiana Jones and the Raiders of the Lost Ark) is a 1981 American action adventure film directed by Steven Spielberg, with a screenplay written by Lawrence Kasdan, from a story by George Lucas and Philip Kaufman.  It was produced by Frank Marshall for Lucasfilm Ltd., with Lucas and Howard Kazanjian as executive producers.  Starring Harrison Ford, it was the first installment in the ""Indiana Jones"" film franchise to be released, though it is the second in internal chronological order.  It pits Indiana Jones (Ford) against a group of Nazis who are searching for the Ark of the Covenant, which Adolf Hitler believes will make his army invincible.  The film co-stars Karen Allen as Indiana's former lover, Marion Ravenwood; Paul Freeman as Indiana's rival, French archaeologist René Belloq; John Rhys-Davies as Indiana's sidekick, Sallah; Ronald Lacey as Gestapo agent Arnold Toht; and Denholm Elliott as Indiana's colleague, Marcus Brody.
Return of the Jedi (also known as Star Wars: Episode VI – Return of the Jedi) is a 1983 American epic space opera film directed by Richard Marquand.  The screenplay by Lawrence Kasdan and George Lucas was from a story by Lucas, who was also the executive producer.  It was the third installment in the original ""Star Wars"" trilogy and the first film to use THX technology.  The film is set one year after ""The Empire Strikes Back"" and was produced by Howard Kazanjian for Lucasfilm Ltd.  The film stars Mark Hamill, Harrison Ford, Carrie Fisher, Billy Dee Williams, Anthony Daniels, David Prowse, Kenny Baker, Peter Mayhew and Frank Oz.
Stephen Chapin (born 30 Dec 1946) is an American singer/songwriter.  He is best known as the youngest of the four Chapin brothers, which include Harry Chapin and Tom Chapin and is son of drummer Jim Chapin and Elspeth Burke Chapin Hart, editor, artist and matriarch of the Burke, Leacock, Chapin clan.  He is the father of Christina Chapin, Frankie Chapin, and Jonathan Chapin.  He is the uncle of Jen Chapin and The Chapin Sisters.  He has toured nationally and Internationally, with his own band; The Harry Chapin Band; and with his late brother Harry Chapin as his band leader, musical director, arranger, producer, piano player/multi instrumentalist and singer.  He continues to perform concerts all over the world with his band The Harry Chapin Band which includes the original members of the band: Steve Chapin, Big John Wallace, and Howard Fields, and new members since 2005, Clark Wallace (Big John's son) and Jonathan Chapin (Steve's son).  Steve has also produced many albums including ""The Chapin Family Christmas album"", and has worked as a teacher, arranger, recording artist, commercial producer, performer, singer, and songwriter.  He has appeared on all Harry Chapin albums, and arranged and produced most of them.  Most notably, Harry Chapin's ""Greatest Stories Live"" album which includes his performance of one of his songs ""Let Time Go Lightly"".
The Apple Capital Museum is a museum located in Berwick, Nova Scotia exploring the history of the Town of Berwick and near-by Kings County communities.  The museum is housed in a restored 19th century store, originally the Harry Lyons harness shop.  In the 1940s, it was purchased by Howard Margeson who operated a men's clothing store, taxi business and bicycle shop.  It was donated to the Museum in 1998 by the Margeson family.  The Museum was founded in 1998 and shares the building with the tourist bureau for the Town of Berwick.  The apple industry is a major focus and the Museum includes a large working railway model of the town’s centre during the height of Nova Scotia's apple industry in the 1930s with the extensive tracks and sidings of the Dominion Atlantic Railway.  The Museum is run by the Apple Capital Museum Society and is open seasonally.
Chris Enss (born 1961) is an American author and screenwriter.  Enss has written more than 20 books on the subject of women in the Old West, and has collaborated with producer Howard Kazanjian on four books, including two about Roy Rogers and Dale Evans.
Conjuring is an illustrated book by James Randi.  Randi gives a detailed history of conjuring, more commonly known as magic, said to be the world's second oldest profession.  It includes detailed portraits of conjurors, including the Harry Blackstone, Sr., Harry Blackstone, Jr., Harry Houdini and his entourage, Howard Thurston, Robert Heller, Joe Berg, and others.
Harry Kizirian (Armenian: Հէրի Գիզիրեան ; July 13, 1925 – September 13, 2002) was an Armenian American member of the United States Marine Corps who served during World War II.  Kizirian's service lasted from February 1944 to February 1946, during which he spent seventeen months overseas.  Kizirian took part in the Battle of Okinawa, where he landed during the first assault wave while heading a Marine fire team.
Howard G. Kazanjian (born July 26, 1942) is an American film producer known for ""Raiders of the Lost Ark"" and ""Return of the Jedi"".  Kazanjian is also a former 8-year Vice President of Lucasfilm, Ltd., and a published non-fiction author.",No question was provided to answer.,no,0.2857142857142857,0.0
Indie studio Jumpship developed what puzzle-platform video game released in July 2010?,"Limbo is a puzzle-platform video game developed by independent studio Playdead.  The game was released in July 2010 on Xbox Live Arcade, and has since been ported to several other systems, including the PlayStation 3 and Microsoft Windows.  ""Limbo"" is a 2D side-scroller, incorporating a physics system that governs environmental objects and the player character.  The player guides an unnamed boy through dangerous environments and traps as he searches for his sister.  The developer built the game's puzzles expecting the player to fail before finding the correct solution.  Playdead called the style of play ""trial and death"", and used gruesome imagery for the boy's deaths to steer the player from unworkable solutions.
Antichamber is a single-player first-person puzzle-platform video game created by Alexander Bruce.  Many of the puzzles are based on phenomena that occur within impossible objects created by the game engine, such as passages that lead the player to different locations depending on which way they face, and structures that seem otherwise impossible within normal three-dimensional space.  The game includes elements of psychological exploration through brief messages of advice to help the player figure out solutions to the puzzles as well as adages for real life.  The game was released on Steam for Microsoft Windows on January 31, 2013, a version sold with the Humble Indie Bundle 11 in February 2014 added support for Linux and Mac OS X.
Metrico is an indie puzzle-platform video game developed and published by Dutch developer Digital Dreams for the PlayStation Vita, with music by Dutch electronic music producer Palmbomen.  It was released in North America on 5 August 2014, and in Europe on 6 August 2014.  ""Metrico"" was initially available for free for members of PlayStation Plus.
Portal 2 is a 2011 first-person puzzle-platform video game developed and published by Valve Corporation.  It is the sequel to ""Portal"" (2007) and was released on April 19, 2011, for Microsoft Windows, OS X, Linux, PlayStation 3, and Xbox 360.  The retail versions of the game are distributed by Electronic Arts while online distribution of the Microsoft Windows, Mac OS X and Linux versions is handled by Valve's content delivery service Steam.  ""Portal 2"" was announced on March 5, 2010, following a week-long alternate reality game based on new patches to the original game.  Before the game's release on Steam, the company released the Potato Sack, a second multi-week alternate reality game, involving 13 independently developed titles which culminated in a distributed computing spoof to release ""Portal 2"" several hours early.
Teslagrad is a 2D side-scrolling puzzle-platform video game developed and published by Rain Games.  The game was released on Steam on 13 December 2013, on Nintendo eShop for the Wii U on 11 September 2014, and on PlayStation Store for the PlayStation 3 and PlayStation 4 on 3 December 2014 in Europe.  The North American PSN Store release date for the PlayStation 3 and PlayStation 4 was scheduled on 27 January 2015, but it has been postponed on the day of the release.  The retail version, published by Soedesco, was released in France, Germany, Italy, and Spain on 3 December 2014, and in UK on 30 January 2015.  The PlayStation Vita version was announced on 27 February 2014, but since then no exact date was given.  The game was also released digitally in Japan on 18 February 2015, with an update to the Steam version that added Japanese language.  An Xbox One version was announced at the end of February 2016 with the release date of 9 March 2016.  ""Teslagrad"" uses Unity game engine, making it easier for developers to reach cross platform.
The Lost Vikings is a puzzle-platform video game developed by Silicon & Synapse (now Blizzard Entertainment) and published by Interplay.  It was originally released for the Super NES in 1992, then subsequently released for the Amiga, Amiga CD32, MS-DOS, and Mega Drive/Genesis systems the next year; the Mega Drive/Genesis version contains five stages not present in any other version of the game.  Blizzard re-released the game for the Game Boy Advance in 2003.  In 2014, the game was added to Battle.net as a free download emulated through DOSBox.
Fez (stylized as FEZ) is an indie puzzle-platform video game developed by Polytron Corporation and published by Trapdoor.  The player-character Gomez receives a fez that reveals his two-dimensional (2D) world to be one of four sides of a three-dimensional (3D) world.  The player rotates between these four 2D views to realign platforms and solve the game's puzzles.  The object of the game is to collect cubes and cube fragments to restore order to the universe.
Pitman, also known as Catrap in the US, is a puzzle-platform video game released by Asmik for the Nintendo Game Boy in 1990, originally developed for the Sharp MZ-700 computer in 1985.  The Game Boy version of Pitman was rereleased on the Nintendo 3DS Virtual Console in October 2011.  The word 'Catrap' refers to the frequent amount of times the player is trapped and needs to reverse their movements and the two anthropomorphic cats the player must manoeuvre to advance through the levels.  The game is credited with having originated the time-rewind mechanic, which later appeared in titles like """", """", ""Braid"" and Pullblox.
Black the Fall is an indie puzzle-platform video game developed by Sand Sailor Studio and published by Square Enix for Linux, Microsoft Windows, OS X, PlayStation 4, and Xbox One.
Somerville is an upcoming video game and the debut title by the indie studio Jumpship.  The studio's founder previously founded Playdead and worked on ""Limbo"" and ""Inside"".",The provided context does not contain information about a puzzle-platform video game developed by indie studio Jumpship that was released in July 2010.,Limbo,0.0,0.0
Are both Lygodium or Maxillaria a genus of orchids?,"Paracaleana commonly known as duck orchids, is a genus of flowering plants in the orchid family, Orchidaceae that is found in Australia and New Zealand.  The Australian species are found in all states but have not been recorded in the Northern Territory.  Orchids in this genus are similar to ""Caleana major"", but there are differences in the flowers and in the insects that pollinate them.  ""Paraceleana"" orchids, as well as hammer orchids (""Drakaea"") are pollinated by male thynnid wasps.  Duck orchids have a single leaf and one or a few, dull-coloured, inconspicuous flowers.
Heterotaxis is a genus of orchids native to Latin America from central Mexico to Bolivia, and also to parts of the West Indies.  One species extends into Florida (""H. sessilis"", listed under synonym ""Maxillaria crassifolia"" in Flora of North America).
Ornithidium donaldeedodii is a species of orchids ""discovered"" in April 2010 when DNA analysis showed that a wrongly labeled orchid at the University of California Botanical Garden in Berkeley, California, was actually a distinct new species.  The ""new"" orchid, which had been mislabeled as ""Maxillaria croceorubens"" since the 1990s, was named after orchidologist Donald D. Dod (1912–2008), who collected the specimen in the 1980s in Haiti.  The new orchid was officially described in ""Lankesteriana"", an international journal on orchidology, by authors James Ackerman of the University of Puerto Rico and W. Mark Whitten of the Florida Museum of Natural History.
Lygodium (climbing fern) is a genus of about 40 species of ferns, native to tropical regions across the world, with a few temperate species in eastern Asia and eastern North America.  It is the sole genus in the family Lygodiaceae, though included in the family Schizaeaceae by some botanists.
Microtis, commonly known as onion orchids or mignonette orchids is a genus of about 20 species of plants in the orchid family, Orchidaceae.  Onion orchids are terrestrial herbs with a single leaf at the base of the plant.  They are similar to orchids in the genus ""Prasophyllum"" in that they have an onion-like leaf.  The flowers are small but often scented and attractive to their insect pollinators.  They are widespread in Asia, Australia and some Pacific islands.
Caladenia, commonly known as spider orchids, is a genus of 350 species of plants in the orchid family, Orchidaceae.  Spider orchids are terrestrial herbs with a single hairy leaf and a hairy stem.  The labellum is fringed or toothed in most species and there are small projections called calli on the labellum.  The flowers have adaptations to attract particular species of insects for pollination.  The genus is divided into three groups on the basis of flower shape, broadly, spider orchids, zebra orchids and cowslip orchids, although other common names are often used.  Although they occur in other countries, most are Australian and 136 species occur in Western Australia, making it the most species-rich orchid genus in that state.
Camaridium is a genus of epiphytic orchids widespread across the West Indies and through Latin America from Mexico to Bolivia.  One species extends into Florida (""C. vestitum"", listed in Flora of North America under the synonym, ""Maxillaria parviflora"").
Maxillarieae is a large and complex tribe of orchids native to South and Central America.  Within the tribe there are eight subtribes one of which is that of the genus ""Maxillaria"".
Maxillaria, abbreviated as Max in the horticultural trade, is a large genus of orchids (family Orchidaceae).  This is a diverse genus, with very different morphological forms.  Their characteristics can vary widely.
Nudol is a phenanthrenoid of the orchids ""Eulophia nuda"", ""Eria carinata"", ""Eria stricta"" and ""Maxillaria densa"".",No question was provided to answer.,no,0.2857142857142857,0.0
When was the Western Germanic language spoken from which the small settlement situated on the river Leda opposite Leer derives its name?,"German (""Deutsch"" ] ) is a West Germanic language that is mainly spoken in Central Europe.  It is the most widely spoken and (co-) official language in Germany, Austria, Switzerland, South Tyrol (Italy), the German-speaking Community of Belgium, and Liechtenstein.  It is also one of the three official languages of Luxembourg.  The languages which are most similar to German are the other members of the West Germanic language branch: Afrikaans, Dutch, English, the Frisian languages, Low German/Low Saxon, Luxembourgish, and Yiddish.  German is the second most widely spoken Germanic language, after English.
English is a West Germanic language that was first spoken in early medieval England and is now a global ""lingua franca"".  Named after the Angles, one of the Germanic tribes that migrated to England, it ultimately derives its name from the Anglia (Angeln) peninsula in the Baltic Sea.  It is closely related to the Frisian languages, but its vocabulary has been significantly influenced by other Germanic languages, particularly Norse (a North Germanic language), as well as by Latin and Romance languages, particularly French.
Proto-Norse (also called Proto-Scandinavian, Primitive Norse, Proto-Nordic, Ancient Nordic, Ancient Scandinavian, Old Nordic, Old Scandinavian, Proto-North Germanic, North Proto-Germanic or Common Scandinavian) was an Indo-European language spoken in Scandinavia that is thought to have evolved as a northern dialect of Proto-Germanic in the first centuries CE.  It is the earliest stage of a characteristically North Germanic language, and the language attested in the oldest Scandinavian Elder Futhark inscriptions, spoken around from the 2nd to 8th centuries (corresponding to the late Roman Iron Age and the Germanic Iron Age).  It evolved into the dialects of Old Norse at the beginning of the Viking Age in about 800, which later themselves evolved into modern North Germanic languages.
Dutch (   ) is a West Germanic language that is spoken by around 24 million people as a first language—including the population of the Netherlands and about sixty percent that of Belgium—and by another 5 million as a second language.  It is the third most widely spoken Germanic language, after English and German.
Old Frisian is a West Germanic language spoken between the 8th and 16th centuries in the area between the Rhine and Weser on the European North Sea coast.  The Frisian settlers on the coast of South Jutland (today's Northern Friesland) also spoke Old Frisian but no medieval texts of this area are known.  The language of the earlier inhabitants of the region between the Zuiderzee and Ems River (the Frisians mentioned by Tacitus) is attested in only a few personal names and place-names.  Old Frisian evolved into Middle Frisian, spoken from the 16th to the 19th century.
Afrikaans ( ) is a West Germanic language spoken in South Africa, Namibia and, to a lesser extent, Botswana and Zimbabwe.  It evolved from the Dutch vernacular of South Holland (Hollandic dialect) spoken by the mainly Dutch settlers of what is now South Africa, where it gradually began to develop distinguishing characteristics in the course of the 18th century.  Hence, it is a daughter language of Dutch, and was previously referred to as ""Cape Dutch"" (a term also used to refer collectively to the early Cape settlers) or ""kitchen Dutch"" (a derogatory term used to refer to Afrikaans in its earlier days).  However, it is also variously described as a creole or as a partially creolised language.  The term is ultimately derived from Dutch ""Afrikaans-Hollands "" meaning ""African Dutch"".  It is the first language of most of the Afrikaners and Coloureds of Southern Africa.
Leer is a town in the district of Leer, the northwestern part of Lower Saxony, Germany.  It is situated on the river Leda, a tributary of the river Ems, near the border with the Netherlands.
Suorva or Suorvadammen (the Suorva Dam) is a small settlement situated at the southern parts of Akkajaure, in Stora Sjöfallet National Park, Sweden.  The settlement can be reached by car (and bus, from Gällivare).  It consists of a few houses and a dam operated by Vattenfall, which regulates the flow to the hydroelectric plant in Vietas located about 5 kilometers downstream.  The road over the dam is normally open for hikers (not cars) and makes for a possible route into the northern parts of Sarek National Park which does not require using a boat.
Old Saxon, also known as Old Low German, was a Germanic language and the earliest recorded form of Low German (spoken nowadays in Northern Germany, the northeastern Netherlands, southern Denmark, the Americas and parts of Eastern Europe).  It is a West Germanic language, closely related to the Anglo-Frisian languages.  It has been documented from the 8th century until the 12th century, when it gradually evolved into Middle Low German.  It was spoken throughout modern northwestern Germany, primarily in the coastal regions and in the eastern Netherlands by Saxons, a Germanic tribe who inhabited the region of Saxony.  It partially shares Anglo-Frisian's (Old Frisian, Old English) Ingvaeonic nasal spirant law which sets it apart from Low Franconian and Irminonic languages, such as Dutch, Luxembourgish and German.
The Leda is a river in north-western Germany in the state of Lower Saxony.  It is a right tributary of the Ems and originates at the confluence of the Sagter Ems and the Soeste (Dreyschloot) near the town of Barßel.  The Leda flows into the Ems near the town of Leer.  On the southern bank of the Leda, in the ""Overledingen Land"" (Overledingen=""country over the Leda""), opposite Leer, lies the small settlement of Kloster Muhde (""Muhde"" from the Old Frisian ""mutha"" meaning ""(river) mouth"").  The total length of the river is 29 km , of which the lower 1.9 km are navigable for sea-going vessels.",Insufficient context to answer; no specific question or topic was provided for the 8th to 16th centuries.,between the 8th and 16th centuries,0.2857142857142857,0.0
Which professional baseball player was born in 1984 and played as a rookie for the Los Angeles Dogers in 2007?,"Steven Patrick Garvey (born December 22, 1948) is an American former professional baseball player and current Southern California businessman.  He played in Major League Baseball as a first baseman, most notably for the Los Angeles Dodgers.  Nicknamed ""Mr. Clean"" because of the wholesome image he portrayed throughout his career in baseball, Garvey was the 1974 National League Most Valuable Player Award winner, a two-time National League Championship Series MVP (1978 and 1984), a 10-time All-Star, and a two-time MVP of the All-Star Game (1974 and 1978).  He holds the National League record for consecutive games played (1,207).
Matthew Ryan Kemp (born September 23, 1984) is an American professional baseball outfielder for the Atlanta Braves of Major League Baseball (MLB).  He began his professional career in the Los Angeles Dodgers organization in 2003, and played with the Dodgers from 2006 until 2014.  He played for the San Diego Padres in 2015 and 2016.  He has been named to two All-Star teams and has won two Gold Glove Awards (2009 and 2011) and two Silver Slugger Awards (2009 and 2011).
Ernest Ralph Orsatti (September 8, 1902 in Los Angeles, California – September 4, 1968 in Canoga Park, California), was a professional baseball player who played outfielder and first base in the Major Leagues from 1927 -1935 .  He played for the St. Louis Cardinals with a lifetime batting average of .306 in 701 games.  He both batted and threw left-handed.  He played in the 1928, 1930, 1931 and 1934 World Series.  He previously played for the 1925 Cedar Rapids, Iowa Bunnies minor league team with a batting average of .347 and 6 home runs.  He attended Los Angeles Manual Arts High School.  He joined his brothers in the Orsatti Talent Agency after retiring from baseball.
Irvin Joel Vigo Guzmán (born November 24, 1984) is a Dominican professional baseball player.  He currently plays for the York Revolution of the Atlantic League.  He has played in Major League Baseball (MLB) for the Los Angeles Dodgers and Tampa Bay Devil Rays and in Nippon Professional Baseball (NPB) for the Chunichi Dragons.
Michael Allen Marshall (born January 12, 1960) is an American former professional baseball player and current commissioner of the Pacific Association of Professional Baseball Clubs.  He played as an outfielder in Major League Baseball for the Los Angeles Dodgers, New York Mets, Boston Red Sox and California Angels from 1981 to 1991.  He also played one season in Nippon Professional Baseball for the Nippon Ham Fighters in 1992.  Marshall served as president and general manager of the Chico Outlaws of the North American League.
Peter Edward ""PJ"" Rose Jr. (born November 16, 1969) is the manager of the Wichita Wingnuts in the American Association of Independent Professional Baseball and former professional baseball player.  The son of Major League Baseball's all-time hits leader Pete Rose, Rose Jr. played in the minor leagues most of his career except for a brief stint in for the Cincinnati Reds.  He was released September 14, 2009, by the York Revolution of the Atlantic League of Professional Baseball.  In 2011, he joined the White Sox coaching staff and became the manager of their Appalachian League (rookie league) affiliate in Bristol.  In 2012, he moved up to the Pioneer League with the affiliate in Great Falls, Montana.  After one season, he advanced to the lower-A South Atlantic League team in Kannapolis, North Carolina.
William Daro Bean (born May 11, 1964) is an American former professional baseball player.  He played in Major League Baseball (MLB) as an outfielder for the Detroit Tigers (1987–1989), Los Angeles Dodgers (1989), and San Diego Padres (1993–1995), as well as the Kintetsu Buffaloes of Nippon Professional Baseball in 1992.
The Los Angeles Dodgers' 2007 season started off promisingly with the Dodgers holding the Western Division lead for most of the first half of the season.  However, the team faded down the stretch and finished the season in fourth place.  Two of the teams big free agent signings, pitchers Jason Schmidt and Randy Wolf were injured and missed most of the season.  A promising development was the play of several rookies including James Loney and Matt Kemp and the further development of second year catcher Russell Martin, who was named to his first All-Star Game.
Robert Sherwood Bailey (born October 13, 1942) is an American former professional baseball third baseman.  He played seventeen seasons in Major League Baseball (MLB) between 1962 and 1978 for the Pittsburgh Pirates, Los Angeles Dodgers, Montreal Expos, Cincinnati Reds, and Boston Red Sox.  Bailey attended Wilson Classical High School, where he was the 1961 CIF Baseball Player of the Year and quarterbacked the football team for two years, one of which was undefeated.  He was originally signed by the Pittsburgh Pirates as a bonus baby.  After the 1966 season, the Pirates traded Bailey and Gene Michael to the Los Angeles Dodgers for Maury Wills.
Shoki Kasahara (笠原 将生 , Kasahara Shōki ) (born January 9, 1991 in Fukuoka) is a Japanese professional baseball player who last played for the Yomiuri Giants in Japan's Nippon Professional Baseball.  His younger brother Taiga is also a professional baseball player currently playing for Fukuoka SoftBank Hawks.  His father Eiichi is a former professional baseball player.",No information is available about Matthew Ryan Kemp in the provided context.,Matthew Ryan Kemp,0.42857142857142855,0.0
