timestamp, index, memory.used [MiB], utilization.gpu [%]
2026/10/02 22:18:53.682, 3, 199 MiB, 0 %
2026/10/02 22:18:54.685, 3, 199 MiB, 0 %
2026/10/02 22:18:55.685, 3, 199 MiB, 0 %
2026/10/02 22:18:56.685, 3, 199 MiB, 0 %
2026/10/02 22:18:57.685, 3, 199 MiB, 0 %
2026/10/02 22:18:58.686, 3, 199 MiB, 0 %
2026/10/02 22:18:59.686, 3, 199 MiB, 0 %
2026/10/02 22:19:00.686, 3, 199 MiB, 0 %
2026/10/02 22:19:01.686, 3, 199 MiB, 0 %
2026/10/02 22:19:02.687, 3, 199 MiB, 0 %
2026/10/02 22:19:03.687, 3, 199 MiB, 0 %
2026/10/02 22:19:04.687, 3, 199 MiB, 0 %
2026/10/02 22:19:05.687, 3, 616 MiB, 0 %
2026/10/02 22:19:06.688, 3, 17970 MiB, 0 %
2026/10/02 22:19:07.688, 3, 17970 MiB, 24 %
2026/10/02 22:19:08.688, 3, 17970 MiB, 23 %
2026/10/02 22:19:09.688, 3, 17970 MiB, 23 %
2026/10/02 22:19:10.689, 3, 17950 MiB, 22 %
2026/10/02 22:19:11.689, 3, 17950 MiB, 0 %
2026/10/02 22:19:12.689, 3, 21062 MiB, 0 %
2026/10/02 22:19:13.689, 3, 21062 MiB, 73 %
2026/10/02 22:19:14.690, 3, 21064 MiB, 89 %
2026/10/02 22:19:15.690, 3, 43540 MiB, 0 %
2026/10/02 22:19:16.690, 3, 43568 MiB, 0 %
2026/10/02 22:19:17.690, 3, 43568 MiB, 0 %
2026/10/02 22:19:18.691, 3, 43568 MiB, 0 %
2026/10/02 22:19:19.691, 3, 43568 MiB, 0 %
2026/10/02 22:19:20.691, 3, 43824 MiB, 0 %
2026/10/02 22:19:21.691, 3, 43824 MiB, 97 %
2026/10/02 22:19:22.692, 3, 43824 MiB, 97 %
2026/10/02 22:19:23.692, 3, 43824 MiB, 97 %
2026/10/02 22:19:24.692, 3, 43824 MiB, 100 %
2026/10/02 22:19:25.692, 3, 43826 MiB, 97 %
2026/10/02 22:19:26.692, 3, 43826 MiB, 98 %
2026/10/02 22:19:27.693, 3, 43826 MiB, 97 %
2026/10/02 22:19:28.693, 3, 43826 MiB, 99 %
2026/10/02 22:19:29.693, 3, 43826 MiB, 97 %
2026/10/02 22:19:30.693, 3, 43826 MiB, 97 %
2026/10/02 22:19:31.694, 3, 43826 MiB, 0 %
2026/10/02 22:19:32.694, 3, 43826 MiB, 0 %
2026/10/02 22:19:33.694, 3, 43826 MiB, 0 %
2026/10/02 22:19:34.694, 3, 43826 MiB, 5 %
2026/10/02 22:19:35.694, 3, 43826 MiB, 97 %
2026/10/02 22:19:36.694, 3, 43826 MiB, 97 %
2026/10/02 22:19:37.695, 3, 43826 MiB, 97 %
2026/10/02 22:19:38.695, 3, 43826 MiB, 100 %
2026/10/02 22:19:39.695, 3, 43826 MiB, 0 %
2026/10/02 22:19:40.695, 3, 43826 MiB, 0 %
2026/10/02 22:19:41.695, 3, 43826 MiB, 0 %
2026/10/02 22:19:42.696, 3, 43826 MiB, 0 %
2026/10/02 22:19:43.696, 3, 43826 MiB, 0 %
2026/10/02 22:19:44.696, 3, 44628 MiB, 0 %
2026/10/02 22:19:45.697, 3, 44630 MiB, 8 %
2026/10/02 22:19:46.697, 3, 44630 MiB, 98 %
2026/10/02 22:19:47.697, 3, 44632 MiB, 98 %
2026/10/02 22:19:48.697, 3, 44632 MiB, 98 %
2026/10/02 22:19:49.698, 3, 44632 MiB, 98 %
2026/10/02 22:19:50.698, 3, 44632 MiB, 100 %
2026/10/02 22:19:51.698, 3, 44632 MiB, 100 %
2026/10/02 22:19:52.698, 3, 44632 MiB, 100 %
2026/10/02 22:19:53.699, 3, 44632 MiB, 100 %
2026/10/02 22:19:54.699, 3, 44632 MiB, 100 %
2026/10/02 22:19:55.699, 3, 44632 MiB, 100 %
2026/10/02 22:19:56.699, 3, 44632 MiB, 100 %
2026/10/02 22:19:57.700, 3, 44632 MiB, 100 %
2026/10/02 22:19:58.700, 3, 44632 MiB, 100 %
2026/10/02 22:19:59.700, 3, 44632 MiB, 100 %
2026/10/02 22:20:00.700, 3, 44632 MiB, 100 %
2026/10/02 22:20:01.701, 3, 44632 MiB, 100 %
2026/10/02 22:20:02.701, 3, 44632 MiB, 100 %
2026/10/02 22:20:03.701, 3, 44632 MiB, 100 %
2026/10/02 22:20:04.701, 3, 44632 MiB, 100 %
2026/10/02 22:20:05.702, 3, 44632 MiB, 100 %
2026/10/02 22:20:06.702, 3, 44632 MiB, 100 %
2026/10/02 22:20:07.702, 3, 44632 MiB, 100 %
2026/10/02 22:20:08.702, 3, 44632 MiB, 100 %
2026/10/02 22:20:09.703, 3, 44632 MiB, 100 %
2026/10/02 22:20:10.703, 3, 44632 MiB, 100 %
2026/10/02 22:20:11.703, 3, 44632 MiB, 100 %
2026/10/02 22:20:12.703, 3, 44632 MiB, 100 %
2026/10/02 22:20:13.704, 3, 44632 MiB, 100 %
2026/10/02 22:20:14.704, 3, 44632 MiB, 100 %
2026/10/02 22:20:15.704, 3, 44632 MiB, 100 %
2026/10/02 22:20:16.704, 3, 44632 MiB, 100 %
2026/10/02 22:20:17.704, 3, 44632 MiB, 100 %
2026/10/02 22:20:18.705, 3, 44632 MiB, 100 %
2026/10/02 22:20:19.705, 3, 44632 MiB, 100 %
2026/10/02 22:20:20.705, 3, 44632 MiB, 100 %
2026/10/02 22:20:21.705, 3, 44632 MiB, 100 %
2026/10/02 22:20:22.706, 3, 44632 MiB, 100 %
2026/10/02 22:20:23.706, 3, 44632 MiB, 100 %
2026/10/02 22:20:24.706, 3, 44632 MiB, 100 %
2026/10/02 22:20:25.706, 3, 44632 MiB, 100 %
2026/10/02 22:20:26.707, 3, 44632 MiB, 100 %
2026/10/02 22:20:27.707, 3, 44632 MiB, 100 %
2026/10/02 22:20:28.707, 3, 44632 MiB, 100 %
2026/10/02 22:20:29.707, 3, 44632 MiB, 100 %
2026/10/02 22:20:30.708, 3, 44632 MiB, 100 %
2026/10/02 22:20:31.708, 3, 44632 MiB, 100 %
2026/10/02 22:20:32.708, 3, 44632 MiB, 100 %
2026/10/02 22:20:33.708, 3, 44632 MiB, 100 %
2026/10/02 22:20:34.709, 3, 44632 MiB, 100 %
2026/10/02 22:20:35.709, 3, 44632 MiB, 100 %
2026/10/02 22:20:36.709, 3, 44632 MiB, 100 %
2026/10/02 22:20:37.709, 3, 44632 MiB, 100 %
2026/10/02 22:20:38.710, 3, 44632 MiB, 100 %
2026/10/02 22:20:39.710, 3, 44632 MiB, 100 %
2026/10/02 22:20:40.710, 3, 44632 MiB, 100 %
2026/10/02 22:20:41.710, 3, 44632 MiB, 100 %
2026/10/02 22:20:42.710, 3, 44632 MiB, 100 %
2026/10/02 22:20:43.710, 3, 44632 MiB, 100 %
2026/10/02 22:20:44.711, 3, 44632 MiB, 100 %
2026/10/02 22:20:45.711, 3, 44632 MiB, 100 %
2026/10/02 22:20:46.711, 3, 44632 MiB, 100 %
2026/10/02 22:20:47.711, 3, 44632 MiB, 100 %
2026/10/02 22:20:48.712, 3, 44632 MiB, 100 %
2026/10/02 22:20:49.712, 3, 44632 MiB, 100 %
2026/10/02 22:20:50.712, 3, 44632 MiB, 100 %
2026/10/02 22:20:51.713, 3, 44632 MiB, 100 %
2026/10/02 22:20:52.713, 3, 44636 MiB, 99 %
2026/10/02 22:20:53.713, 3, 44636 MiB, 100 %
2026/10/02 22:20:54.713, 3, 44636 MiB, 100 %
2026/10/02 22:20:55.714, 3, 44636 MiB, 100 %
2026/10/02 22:20:56.714, 3, 44636 MiB, 100 %
2026/10/02 22:20:57.714, 3, 44720 MiB, 100 %
2026/10/02 22:20:58.714, 3, 44720 MiB, 100 %
2026/10/02 22:20:59.715, 3, 44720 MiB, 100 %
2026/10/02 22:21:00.715, 3, 44720 MiB, 100 %
2026/10/02 22:21:01.715, 3, 44720 MiB, 100 %
2026/10/02 22:21:02.715, 3, 44720 MiB, 100 %
2026/10/02 22:21:03.716, 3, 44720 MiB, 100 %
2026/10/02 22:21:04.716, 3, 44720 MiB, 100 %
2026/10/02 22:21:05.716, 3, 44720 MiB, 100 %
2026/10/02 22:21:06.716, 3, 44720 MiB, 100 %
2026/10/02 22:21:07.717, 3, 44720 MiB, 87 %
2026/10/02 22:21:08.717, 3, 44720 MiB, 100 %
2026/10/02 22:21:09.717, 3, 44720 MiB, 100 %
2026/10/02 22:21:10.717, 3, 44720 MiB, 100 %
2026/10/02 22:21:11.718, 3, 44720 MiB, 100 %
2026/10/02 22:21:12.718, 3, 44720 MiB, 100 %
2026/10/02 22:21:13.718, 3, 44720 MiB, 100 %
2026/10/02 22:21:14.718, 3, 44720 MiB, 100 %
2026/10/02 22:21:15.719, 3, 44720 MiB, 100 %
2026/10/02 22:21:16.719, 3, 44720 MiB, 100 %
2026/10/02 22:21:17.719, 3, 44720 MiB, 100 %
2026/10/02 22:21:18.719, 3, 44720 MiB, 100 %
2026/10/02 22:21:19.720, 3, 44720 MiB, 100 %
2026/10/02 22:21:20.720, 3, 44972 MiB, 100 %
2026/10/02 22:21:21.720, 3, 44980 MiB, 100 %
2026/10/02 22:21:22.720, 3, 44980 MiB, 0 %
2026/10/02 22:21:23.721, 3, 44980 MiB, 0 %
2026/10/02 22:21:24.721, 3, 44980 MiB, 0 %
2026/10/02 22:21:25.721, 3, 44980 MiB, 0 %
2026/10/02 22:21:26.721, 3, 44980 MiB, 0 %
2026/10/02 22:21:27.722, 3, 44170 MiB, 0 %
2026/10/02 22:21:28.722, 3, 44170 MiB, 0 %
2026/10/02 22:21:29.722, 3, 44170 MiB, 0 %
2026/10/02 22:21:30.722, 3, 44170 MiB, 0 %
2026/10/02 22:21:31.723, 3, 44170 MiB, 100 %
2026/10/02 22:21:32.723, 3, 44170 MiB, 100 %
2026/10/02 22:21:33.723, 3, 44170 MiB, 0 %
2026/10/02 22:21:34.723, 3, 44512 MiB, 0 %
2026/10/02 22:21:35.724, 3, 44512 MiB, 0 %
2026/10/02 22:21:36.724, 3, 44512 MiB, 0 %
2026/10/02 22:21:37.724, 3, 44512 MiB, 0 %
2026/10/02 22:21:38.724, 3, 44512 MiB, 59 %
2026/10/02 22:21:39.724, 3, 44512 MiB, 100 %
2026/10/02 22:21:40.725, 3, 44512 MiB, 100 %
2026/10/02 22:21:41.725, 3, 44512 MiB, 100 %
2026/10/02 22:21:42.725, 3, 44512 MiB, 100 %
2026/10/02 22:21:43.725, 3, 44512 MiB, 100 %
2026/10/02 22:21:44.726, 3, 44514 MiB, 100 %
2026/10/02 22:21:45.726, 3, 44350 MiB, 93 %
2026/10/02 22:21:46.726, 3, 44350 MiB, 100 %
2026/10/02 22:21:47.726, 3, 44350 MiB, 100 %
2026/10/02 22:21:48.727, 3, 44350 MiB, 100 %
2026/10/02 22:21:49.727, 3, 44350 MiB, 100 %
2026/10/02 22:21:50.727, 3, 44350 MiB, 100 %
2026/10/02 22:21:51.728, 3, 44350 MiB, 100 %
2026/10/02 22:21:52.728, 3, 44350 MiB, 89 %
2026/10/02 22:21:53.728, 3, 44350 MiB, 100 %
2026/10/02 22:21:54.729, 3, 44170 MiB, 100 %
2026/10/02 22:21:55.960, 3, 44170 MiB, 100 %
2026/10/02 22:21:56.960, 3, 44170 MiB, 100 %
2026/10/02 22:21:57.961, 3, 44170 MiB, 100 %
2026/10/02 22:21:58.961, 3, 44170 MiB, 100 %
2026/10/02 22:21:59.961, 3, 44170 MiB, 89 %
2026/10/02 22:22:00.963, 3, 44170 MiB, 100 %
2026/10/02 22:22:01.963, 3, 44170 MiB, 100 %
2026/10/02 22:22:02.963, 3, 44170 MiB, 100 %
2026/10/02 22:22:03.964, 3, 44170 MiB, 100 %
2026/10/02 22:22:04.964, 3, 44170 MiB, 100 %
2026/10/02 22:22:05.965, 3, 44170 MiB, 100 %
2026/10/02 22:22:06.965, 3, 44170 MiB, 100 %
2026/10/02 22:22:07.966, 3, 44170 MiB, 100 %
2026/10/02 22:22:08.966, 3, 44170 MiB, 100 %
2026/10/02 22:22:09.966, 3, 44170 MiB, 100 %
2026/10/02 22:22:10.967, 3, 44170 MiB, 100 %
2026/10/02 22:22:11.967, 3, 44170 MiB, 100 %
2026/10/02 22:22:12.967, 3, 44170 MiB, 100 %
2026/10/02 22:22:13.967, 3, 44170 MiB, 100 %
2026/10/02 22:22:14.968, 3, 44170 MiB, 100 %
2026/10/02 22:22:15.968, 3, 44170 MiB, 100 %
2026/10/02 22:22:16.968, 3, 44170 MiB, 100 %
2026/10/02 22:22:17.968, 3, 44170 MiB, 100 %
2026/10/02 22:22:18.969, 3, 44170 MiB, 100 %
2026/10/02 22:22:19.969, 3, 44170 MiB, 100 %
2026/10/02 22:22:20.969, 3, 44170 MiB, 100 %
2026/10/02 22:22:21.969, 3, 44170 MiB, 100 %
2026/10/02 22:22:22.970, 3, 44170 MiB, 100 %
2026/10/02 22:22:23.970, 3, 44170 MiB, 100 %
2026/10/02 22:22:24.970, 3, 44170 MiB, 100 %
2026/10/02 22:22:25.970, 3, 44170 MiB, 100 %
2026/10/02 22:22:26.970, 3, 44170 MiB, 100 %
2026/10/02 22:22:27.971, 3, 44170 MiB, 100 %
2026/10/02 22:22:28.971, 3, 44170 MiB, 100 %
2026/10/02 22:22:29.971, 3, 44170 MiB, 100 %
2026/10/02 22:22:30.971, 3, 44170 MiB, 100 %
2026/10/02 22:22:31.972, 3, 44170 MiB, 100 %
2026/10/02 22:22:32.972, 3, 44170 MiB, 100 %
2026/10/02 22:22:33.972, 3, 44170 MiB, 100 %
2026/10/02 22:22:34.972, 3, 44170 MiB, 100 %
2026/10/02 22:22:35.973, 3, 44170 MiB, 100 %
2026/10/02 22:22:36.973, 3, 44170 MiB, 100 %
2026/10/02 22:22:37.973, 3, 44170 MiB, 100 %
2026/10/02 22:22:38.973, 3, 44170 MiB, 100 %
2026/10/02 22:22:39.974, 3, 44170 MiB, 84 %
2026/10/02 22:22:40.974, 3, 44170 MiB, 100 %
2026/10/02 22:22:41.974, 3, 44170 MiB, 100 %
2026/10/02 22:22:42.974, 3, 44170 MiB, 100 %
2026/10/02 22:22:43.974, 3, 44170 MiB, 100 %
2026/10/02 22:22:44.975, 3, 44170 MiB, 0 %
2026/10/02 22:22:45.975, 3, 44170 MiB, 0 %
